mean_error	std_error
-0.004856250000000006	0.27456607048151277
