best_profit	one_std_profit
296888.9599820002	219142.63926820582
